GEOID,Neighborhood
25025070902,South End
25025070301,South End
25025070501,South End
25025070502,South End
25025070600,South End
25025060700,South Boston
25025060800,South Boston
25025061000,South Boston
25025060200,South Boston
25025060400,South Boston
25025061101,South Boston
25025060301,South Boston
25025061201,South Boston
25025060602,South Boston Waterfront
25025060603,South Boston Waterfront
25025060604,South Boston Waterfront
25025080500,Roxbury
25025081302,Roxbury
25025080300,Roxbury
25025080401,Roxbury
25025081500,Roxbury
25025081700,Roxbury
25025081800,Roxbury
25025081900,Roxbury
25025030200,North End
25025030100,North End
25025040200,Charlestown
25025040300,Charlestown
25025040100,Charlestown
25025040801,Charlestown
25025040401,Charlestown
25025050200,East Boston
25025050300,East Boston
25025050400,East Boston
25025050600,East Boston
25025050700,East Boston
25025051200,East Boston
25025981300,East Boston
25025050101,East Boston
25025050901,East Boston
25025051000,East Boston
25025050500,East Boston
25025000503,Brighton
25025000302,Brighton
25025000401,Brighton
25025000402,Brighton
25025000202,Brighton
25025110501,Roslindale
25025110502,Roslindale
25025120104,Jamaica Plain
25025120103,Jamaica Plain
25025110106,Jamaica Plain
25025120600,Jamaica Plain
25025120500,Jamaica Plain
25025120400,Jamaica Plain
25025100700,Dorchester
25025092000,Dorchester
25025092200,Dorchester
25025092300,Dorchester
25025100100,Dorchester
25025100200,Dorchester
25025091700,Dorchester
25025100603,Dorchester
25025092101,Dorchester
25025100500,Dorchester
25025100601,Dorchester
25025090100,Dorchester
25025091100,Dorchester
25025091200,Dorchester
25025091500,Dorchester
25025091600,Dorchester
25025091800,Dorchester
25025091900,Dorchester
25025090200,Dorchester
25025100300,Dorchester
25025100400,Dorchester
25025010701,Back Bay
25025981900,West Roxbury
25025980900,West Roxbury
25025130402,West Roxbury
25025081102,Mission Hill
25025000805,Allston
25025000101,Allston
25025000804,Allston
25025010103,Fenway
25025140107,Hyde Park
